111111, Roman, Roman, M, 500, 6b86b273ff34fce19d6b804eff5a3f5747ada4eaa22f1d49c01e52ddb7875b4b, admin
989345, Jan, Kowalski, M, 489763201, a9e06ebd9b9db57bf6d4e04b8d39ccb0fc0fe3cd24bfa2df6cd78f17177476, customer
770770, Kuba, Belic, M, 235390752, 69274056ffd8419eaa8768f60431d40ebfb878bf69af62965582dc679e43, customer
740813, Julka, Miszcz, K, 321890674, 9a88169fab9e68ee4c8ae19ebe8ca7b59690da97a02ed39b3dacad3969fbee, customer
698836, Iga, Taracz, K, 306720486, 8e4bcf79e6c25f5e6a5ec47167ee4bcda3c7e9ee814c16bcf916f8d0b2c66, customer
394709, Hubert, Tejewski, M, 321654023, e5713ec5a7737567841a943e135cfc274faef335928a93ab41ad0fcd56abbba, customer
855312, Oliwia, Tybnicka, K, 205308221, 25ffda454df92fce85dfae4c9e66fa4764743dc6623d40d79866ce9aa8d, customer
811134, Iza, Nowak, K, 375123638, 7417e7b7c89466ab95559f203fe377b3e42e9e6573c57e44fe495ed16b7dd4f3, customer
338971, Jakub, Marszewski, M, 240573810, b2cb67adfc295b1a7c7b252a14744bdecf27932d25c574906c7779e561bed78, customer
812758, Arleta, Kozłowska, K, 432751607, c6ac9326fa3731875e543df334f7c7def7c89dea926cf0f697be253d86caf, customer
445502, Norbert, Czerwiński, M, 934221063, 3592ac78c2a16abd767547eec914af77f42cfcfe13e4592aadc7cc36b4f, customer
849966, Allan, Chmielewski, M, 863103742, 6428cb4bbe78d263a2faaad652d7fe901712fa40937f38522d3c7c9d6d4337, customer
227144, Małgorzata, Jaworska, K, 119136478, ed41cbb7f712d4c2b6d2a7c15ccfdc2fac13c015a072a11aca82d10c7ebfe, customer
967212, Henryk, Mazurek, M, 676747828, 5cfb904163b08b27d65f3f87981677f7f0d14669a2a8f1f862a23e5963ce90, customer
799494, Marian, Kaźmierczak, M, 787692381, 17241a9846a2f2c3c35e54e49322a51df972138869385624450fb51201629, customer
842016, Adela, Kowalska, K, 360365327, 734b556e2b3ea19c13939171a713dcc26f2b7b75249963542368e4f5cc1699, customer
548418, Aleksandra, Gajewska, K, 971757301, 53f55fa3b2c508ba23238b07a76eb3cb611b8266c6ea56f658313b713c23, customer
199601, Krystyna, Zawadzka, K, 483346517, 362a871e7fa51e896aa3e6c93edb44fc4abe44ca6c542b6be1a6468e7fdff2b, customer
969183, Borys, Krupa, M, 263684920, 1356b4a95d314b65b6cf67f7c1e2c9ab284f05a8fb8d57f58070b9b421fb82, customer
826382, Maciej, Wysocki, M, 694515321, 11efea0cac926232add733f86e3d9f6ab53c237be9e40f9e6a2e255ba33abc3, customer
657115, Beata, Tomaszewska, K, 292507387, e4b58893c8d05faa485187e7c9b595c52772e3679175238325b3d33ad5df9, customer
687123, Miłosz, Ostrowski, M, 621445280, f0c62f163b51ae59e1890d7ab3f86d74d6b3df18f4cab867eb68edcada63e8, customer
436068, Honorata, Mróz, K, 993405726, 3b68ab43c17bfc4526767cbb2944d39b7ec8851236c961ac165d2917893b6a, customer
481752, Elena, Kubiak, K, 524466146, c0513db6fa98097be9a20eb95472c95f6bf5673754e76da977ec67115578, customer
800936, Przemysław, Kozłowski, M, 396937260, f9d27737f525ebcf972937d5fb16dbdde63e7525e7e97470ddbc4f643547, customer
901590, Amadeusz, Jasiński, M, 545514496, ad192efff55feb4bb58413889edd63c04e5c34ee12b3eedcbed16d2bb5cc29e7, customer
646392, Norbert, Gierczak, M, 737840676, e0f17212c5496b49938f3be11def61cac7eb52ce04cacacc36c862e431d7a1, customer
626456, Admin, Admin, Admin, 185590303, 287bdcbcae38a62b05d8af629b82a956550daf6881e3324591798487b71, admin
849515, Project, APRO, M, 627205825, d84c3fb5a612749a68523514bb2cc7956084ce24b279cfaacd62a253c03f76b, customer
